name,surname,university,bank account,currency,amount
Alice,Smith,University of Warsaw,PL12345678901234567890123456,PLN,5432.10
Fiona,Garcia,AGH University of Science and Technology,AU90123456789012345678901234,AUD,2109.87
Kevin,Hernandez,Silesian University of Technology,DK56789012345678901234567890,DKK,54321.09
Patricia,Thomas,University of Silesia,PT12345678901234567890123456,EUR,7654.32
Ursula,Lee,Opole University,LU90123456789012345678901234,EUR,9876.54
Zane,Clark,University of Economics in Katowice,EE56789012345678901234567890,EUR,6543.21
Ella,Allen,University of Opole,HU12345678901234567890123456,HUF,3456789.01
Jack,Adams,University of Innsbruck,CH56789012345678901234567890,CHF,8765.43
Olivia,Roberts,University of Bern,JP12345678901234567890,JPY,876543.21