filename,name,surname,university,bank account,currency,amount,case number
Ella_Allen_University of Opole.xlsx,Ella,Allen,University of Opole,HU12345678901234567890123456,HUF,3456789.01,XLxFodWStBq9vqp
Fiona_Garcia_AGH University of Science and Technology.xlsx,Fiona,Garcia,AGH University of Science and Technology,AU90123456789012345678901234,AUD,2109.87,TSSqJTgQscU3xRk
Jack_Adams_University of Innsbruck.xlsx,Jack,Adams,University of Innsbruck,CH56789012345678901234567890,CHF,8765.43,20PHrLFFPkjoFh3
Kevin_Hernandez_Silesian University of Technology.xlsx,Kevin,Hernandez,Silesian University of Technology,DK56789012345678901234567890,DKK,54321.09,IntCHCcO5hVBx7F
Olivia_Roberts_University of Bern.xlsx,Olivia,Roberts,University of Bern,JP12345678901234567890,JPY,876543.21,PsvOIOwtWHkuhak
Patricia_Thomas_University of Silesia.xlsx,Patricia,Thomas,University of Silesia,PT12345678901234567890123456,EUR,7654.32,azdzUIGGaiGBDMW
Ursula_Lee_Opole University.xlsx,Ursula,Lee,Opole University,LU90123456789012345678901234,EUR,9876.54,RUk3wecSSbPhWC0
Zane_Clark_University of Economics in Katowice.xlsx,Zane,Clark,University of Economics in Katowice,EE56789012345678901234567890,EUR,6543.21,Ki1E2GL7fuVqd1n
